{
  "final_loss": 1.5771090984344482,
  "perplexity": 4.840940879536634,
  "throughput": 35.533319894934806
}