{
  "step_0_loss": 1.794092059135437,
  "step_1_loss": 1.5777370929718018,
  "final_loss": 1.5777370929718018,
  "perplexity": 4.8439819187426965,
  "throughput": 29.970375227321618,
  "training_time": 5.338605165481567,
  "peak_memory_mb": 3044.390625
}