{
  "final_loss": 1.5771093368530273,
  "perplexity": 4.840942033707019,
  "throughput": 50.00867323499593
}