{
  "step_0_loss": 1.7940922975540161,
  "step_1_loss": 1.5777366161346436,
  "final_loss": 1.5777366161346436,
  "perplexity": 4.843979608952675,
  "throughput": 67.53525458333736,
  "training_time": 2.3691329956054688,
  "peak_memory_mb": 2096.05859375
}