{
  "step_0_loss": 1.7940921783447266,
  "step_1_loss": 1.577736258506775,
  "final_loss": 1.577736258506775,
  "perplexity": 4.843977876610881,
  "throughput": 27.818786575473446,
  "training_time": 5.751508951187134,
  "peak_memory_mb": 2879.375
}