{
  "step_0_loss": 1.7940922975540161,
  "step_1_loss": 1.5777366161346436,
  "final_loss": 1.5777366161346436,
  "perplexity": 4.843979608952675,
  "throughput": 69.23514452345998,
  "training_time": 2.310965061187744,
  "peak_memory_mb": 2130.89453125
}